{
  "evaluation": {
    "xgb": {
      "accuracy": 0.9743788819875776,
      "roc_auc": 0.9894452074414969,
      "threshold": 0.21,
      "confusion": [
        [
          413,
          28
        ],
        [
          5,
          842
        ]
      ],
      "report": {
        "0": {
          "precision": 0.9880382775119617,
          "recall": 0.9365079365079365,
          "f1-score": 0.9615832363213038,
          "support": 441.0
        },
        "1": {
          "precision": 0.967816091954023,
          "recall": 0.9940968122786304,
          "f1-score": 0.9807804309842749,
          "support": 847.0
        },
        "accuracy": 0.9743788819875776,
        "macro avg": {
          "precision": 0.9779271847329923,
          "recall": 0.9653023743932835,
          "f1-score": 0.9711818336527893,
          "support": 1288.0
        },
        "weighted avg": {
          "precision": 0.9747399924439695,
          "recall": 0.9743788819875776,
          "f1-score": 0.9742074784638012,
          "support": 1288.0
        }
      }
    },
    "lightgbm": {
      "accuracy": 0.9743788819875776,
      "roc_auc": 0.9888348097995593,
      "threshold": 0.33,
      "confusion": [
        [
          413,
          28
        ],
        [
          5,
          842
        ]
      ],
      "report": {
        "0": {
          "precision": 0.9880382775119617,
          "recall": 0.9365079365079365,
          "f1-score": 0.9615832363213038,
          "support": 441.0
        },
        "1": {
          "precision": 0.967816091954023,
          "recall": 0.9940968122786304,
          "f1-score": 0.9807804309842749,
          "support": 847.0
        },
        "accuracy": 0.9743788819875776,
        "macro avg": {
          "precision": 0.9779271847329923,
          "recall": 0.9653023743932835,
          "f1-score": 0.9711818336527893,
          "support": 1288.0
        },
        "weighted avg": {
          "precision": 0.9747399924439695,
          "recall": 0.9743788819875776,
          "f1-score": 0.9742074784638012,
          "support": 1288.0
        }
      }
    },
    "dnn": {
      "accuracy": 0.7360248447204969,
      "roc_auc": 0.8013851742979757,
      "threshold": 0.58,
      "confusion": [
        [
          219,
          222
        ],
        [
          118,
          729
        ]
      ],
      "report": {
        "0": {
          "precision": 0.6498516320474778,
          "recall": 0.4965986394557823,
          "f1-score": 0.5629820051413882,
          "support": 441.0
        },
        "1": {
          "precision": 0.7665615141955836,
          "recall": 0.8606847697756789,
          "f1-score": 0.8109010011123471,
          "support": 847.0
        },
        "accuracy": 0.7360248447204969,
        "macro avg": {
          "precision": 0.7082065731215307,
          "recall": 0.6786417046157306,
          "f1-score": 0.6869415031268676,
          "support": 1288.0
        },
        "weighted avg": {
          "precision": 0.7266010654166125,
          "recall": 0.7360248447204969,
          "f1-score": 0.726015692709247,
          "support": 1288.0
        }
      }
    },
    "ensemble": {
      "accuracy": 0.7663043478260869,
      "roc_auc": 0.9850840769208116,
      "threshold": 0.21,
      "confusion": [
        [
          141,
          300
        ],
        [
          1,
          846
        ]
      ],
      "report": {
        "0": {
          "precision": 0.9929577464788732,
          "recall": 0.3197278911564626,
          "f1-score": 0.483704974271012,
          "support": 441.0
        },
        "1": {
          "precision": 0.7382198952879581,
          "recall": 0.9988193624557261,
          "f1-score": 0.8489713998996488,
          "support": 847.0
        },
        "accuracy": 0.7663043478260869,
        "macro avg": {
          "precision": 0.8655888208834157,
          "recall": 0.6592736268060944,
          "f1-score": 0.6663381870853304,
          "support": 1288.0
        },
        "weighted avg": {
          "precision": 0.825439920423978,
          "recall": 0.7663043478260869,
          "f1-score": 0.7239073519941917,
          "support": 1288.0
        }
      }
    }
  },
  "n_samples": 6368,
  "n_features": 172
}
